Name,Description,Price,Discount,Href,Image URL
Fotpall Florenz,"När du beställer från Chilli levereras dina produkter med hemleverans. Undantag är mindre varor som levereras till närmsta utlämningsställe. En fraktkostnad kan tillkomma baserat på produkternas vikt, storlek och om de levereras hem eller till utlämningsställe.",2999.0,2000.0,https://www.chilli.se/möbler/stolar/pall/fotpall/fotpall-florenz-gråbeige-plg75-v3062151,https://www.chilli.se/assets/blobs/möbler-stolar-pall-fotpall-florenz-gråbeige/B000000317(1)-c5ee740b1c.jpeg
Fåtölj Elise,"Elise fåtölj fångar upp den bubbliga, mjuka designtrenden och erbjuder en perfekt balans mellan stil och komfort. Med sin mjuka klädsel och generösa sittdjup bidrar Elise bubbelfåtölj till ett inbjudande och modernt vardagsrum. De diskreta svarta plastbenen och den stabila träramen kompletterar fåtöljens moderna design, vilket tillsammans med den bulliga designen gör den till ett statement i ditt vardagsrum.",5799.0,2200.0,https://www.chilli.se/möbler/stolar/fåtölj/fåtölj-elise-beige-teddy-p1797084,https://www.chilli.se/assets/blobs/möbler-stolar-/2297084(2)-e95213186d.jpeg
Matstol Heathrow,"När du beställer från Chilli levereras dina produkter med hemleverans. Undantag är mindre varor som levereras till närmsta utlämningsställe. En fraktkostnad kan tillkomma baserat på produkternas vikt, storlek och om de levereras hem eller till utlämningsställe.",899.0,0.0,https://www.chilli.se/möbler/stolar/matstolar-köksstolar/matstol-heathrow-svart-p1404065,https://www.chilli.se/assets/blobs/möbler-stolar-matstolar-köksstolar-matstol-heathrow-svart/1904065(9)-2fbed60651.jpeg
Fåtölj Menard,"Menard är en modern och avskalad fåtölj i lyxig sammetsklädsel. De rena former och smala benen i svartlackerad stål är en blinkning till den industriella stilen. De höga benen gör det dessutom lättare att komma åt med dammsugaren. Fåtöljens och sittplymåer är stoppade med polyeter, kallskum och fiber vilket tillsammans med det generösa sittdjupet gör att du bjuds på en skön komfort för socialt umgänge och sena filmkvällar. Den matchande kudden som ingår ger dig ett bra extra stöd och bidrar ytterligare till komforten.",5999.0,0.0,https://www.chilli.se/möbler/stolar/fåtölj/fåtölj-menard-p1232840-v1481452,https://www.chilli.se/assets/blobs/möbler-stolar-fåtölj-fåtölj-menard/1981452(9)-d6998d073f.jpeg
Matstol Dezuid,"När du beställer från Chilli levereras dina produkter med hemleverans. Undantag är mindre varor som levereras till närmsta utlämningsställe. En fraktkostnad kan tillkomma baserat på produkternas vikt, storlek och om de levereras hem eller till utlämningsställe.",1699.0,0.0,https://www.chilli.se/möbler/stolar/matstolar-köksstolar/matstol-dezuid-valnöt-p1729329-v1720070,https://www.chilli.se/assets/blobs/möbler-stolar-matstolar-köksstolar-matstol-dezuid-valnöt/2220070(1)-d8d3329e75.jpeg
Fårö Fåtölj,"När du beställer från Chilli levereras dina produkter med hemleverans. Undantag är mindre varor som levereras till närmsta utlämningsställe. En fraktkostnad kan tillkomma baserat på produkternas vikt, storlek och om de levereras hem eller till utlämningsställe.",4999.0,0.0,https://www.chilli.se/möbler/stolar/fåtölj/fårö-fåtölj-ljusgrå-p3054895,https://www.chilli.se/assets/blobs/möbler-stolar-fårö-fåtölj-ljusgrå/SYN0003795(1)-38c13acd5b.jpeg
Matstol Dezuid,"När du beställer från Chilli levereras dina produkter med hemleverans. Undantag är mindre varor som levereras till närmsta utlämningsställe. En fraktkostnad kan tillkomma baserat på produkternas vikt, storlek och om de levereras hem eller till utlämningsställe.",1399.0,200.0,https://www.chilli.se/möbler/stolar/matstolar-köksstolar/matstol-dezuid-valnöt-p1729328-v1720072,https://www.chilli.se/assets/blobs/möbler-stolar-matstolar-köksstolar-matstol-dezuid-valnöt/2220072(1)-04a164f560.jpeg
Fåtölj Malley,"När du beställer från Chilli levereras dina produkter med hemleverans. Undantag är mindre varor som levereras till närmsta utlämningsställe. En fraktkostnad kan tillkomma baserat på produkternas vikt, storlek och om de levereras hem eller till utlämningsställe.",3799.0,0.0,https://www.chilli.se/möbler/stolar/fåtölj/fåtölj-malley-beige-p653163-v1766731,https://www.chilli.se/assets/blobs/möbler-stolar-fåtölj-fåtölj-malley-beige/2266731(6)-141bd43c29.jpeg
Fotpall Menard,För att du ska kunna njuta obehindrat av din nya soffa omfattas alla våra soffor av vår soffgaranti. Genom tuffa kvalitetskontroller och tester kan vi säkerställa att alla soffor från Chilli håller samma höga kvalitet. Vi har därför kunnat utöka konsumentköplagens reklamationsrätt med förlängda garantier på hela vårt soffsortiment. Garantitiden för den här soffan ser du under köpknappen.,2999.0,0.0,https://www.chilli.se/möbler/stolar/pall/fotpall/fotpall-menard-beige-p1232839-v991881,https://www.chilli.se/assets/blobs/möbler-stolar-pall-fotpall-fotpall-menard-beige/1491881(1)-2ef66249e2.jpeg
Fotpall Malley,"När du beställer från Chilli levereras dina produkter med hemleverans. Undantag är mindre varor som levereras till närmsta utlämningsställe. En fraktkostnad kan tillkomma baserat på produkternas vikt, storlek och om de levereras hem eller till utlämningsställe.",1499.0,0.0,https://www.chilli.se/möbler/stolar/pall/fotpall/fotpall-malley-beige-p653164-v1766737,https://www.chilli.se/assets/blobs/möbler-stolar-pall-fotpall-fotpall-malley-beige/2266737(4)-83d74c9e7c.jpeg
Fåtölj Colt Lyx,GarantiFör att du ska kunna njuta obehindrat av din nya soffa omfattas alla våra soffor av vår soffgaranti. Genom tuffa kvalitetskontroller och tester kan vi säkerställa att alla soffor från Chilli håller samma höga kvalitet. Vi har därför kunnat utöka konsumentköplagens reklamationsrätt med förlängda garantier på hela vårt soffsortiment. Garantitiden för den här soffan ser du under köpknappen.,6999.0,0.0,https://www.chilli.se/möbler/stolar/fåtölj/fåtölj-colt-lyx-beigeek-p884183-v665388,https://www.chilli.se/assets/blobs/möbler-stolar-fåtölj-fåtölj-colt-lyx-beigeek/1165388(2)-d799e90dd2.jpeg
Berit Karmstol Sammet med Armstöd,"När du beställer från Chilli levereras dina produkter med hemleverans. Undantag är mindre varor som levereras till närmsta utlämningsställe. En fraktkostnad kan tillkomma baserat på produkternas vikt, storlek och om de levereras hem eller till utlämningsställe.",999.0,0.0,https://www.chilli.se/möbler/stolar/matstolar-köksstolar/berit-karmstol-sammet-med-armstöd-vitsvart-p1683271-v1298523,https://www.chilli.se/assets/blobs/möbler-stolar-matstolar-köksstolar-berit-karmstol-sammet-med-armstöd-vitsvart/1798523(8)-7a4764a5bc.jpeg
Matstol Neandir Massiv Valnöt,"Serien Neandir erbjuder enastående matbord, stolar och avlastningsbord som är värda varje investerad krona. Serien kännetecknas av de trendigt ribbade bordsbenen massivt trä som skapar en modern känslas i ditt hem. Den är det perfekta valet för alla som söker en oslagbar kombination av trend och tidlöshet till ett överkomligt pris.",2599.0,0.0,https://www.chilli.se/möbler/stolar/matstolar-köksstolar/matstol-neandir-massiv-valnöt-brun-p1651264-v1598424,https://www.chilli.se/assets/blobs/möbler-stolar-matstolar-köksstolar-matstol-neandir-massiv-valnöt-brun/2098424(1)-b11b947e5d.jpeg
Fåtölj med Fotpall Webber Sammet,Webber är en fåtölj med ordentligt med lyx och stil. Mjukt sammetstyg och stilrena ben med hjul är en stilsäker kombination. Fåtöljen har ett generöst sittdjup och ordentligt bredd vilket ger en god sittkomfort där du både sitter upp och ligger ner bekvämt. Fåtöljen kompletterar en soffgrupp lika bra som den står sig själv i läshörnan eller varför inte i sovrummet. Komplettera med en fotpall för en snygg touch.,8999.0,0.0,https://www.chilli.se/möbler/stolar/fåtölj/howard-fatoljer/fåtölj-med-fotpall-webber-sammet-mörkgråmässing-p600041-v506438,https://www.chilli.se/assets/blobs/möbler-stolar-fåtölj-howard-fatoljer-fåtölj-med-fotpall-webber-sammet-mörkgråmässing/1006438-e9994d7659.jpeg
Fluffy Fåtölj,"När du beställer från Chilli levereras dina produkter med hemleverans. Undantag är mindre varor som levereras till närmsta utlämningsställe. En fraktkostnad kan tillkomma baserat på produkternas vikt, storlek och om de levereras hem eller till utlämningsställe.",1499.0,0.0,https://www.chilli.se/möbler/stolar/fåtölj/fluffy-fåtölj-vit-p3060727,https://www.chilli.se/assets/blobs/möbler-stolar-fluffy-fåtölj-vit/SYN0009572(1)-e17ca52fbe.jpeg
Reclinerfåtölj Navarro,Navarro är en prisvärd fåtölj för dig som prioriterar hög komfort. Fåtöljen har en reclinerfunktion som fäller ut fotstödet och låter dig steglöst luta bak ryggen för optimal bekvämlighet. Den snygga klädseln i konstläder är både skön att sitta på och lätt att rengöra. En utmärkt fåtölj för långa filmkvällar.,5199.0,0.0,https://www.chilli.se/möbler/stolar/fåtölj/biofåtölj-reclinerfåtölj/reclinerfåtölj-navarro-svart-p1654943-v812680,https://www.chilli.se/assets/blobs/möbler-stolar-fåtölj-biofåtölj-reclinerfåtölj-reclinerfåtölj-navarro-svart/1312680-5eb0a5f080.jpeg
Fåtölj med Fotpall Oxford Classic,"Serien Oxford Classic erbjuder prisvärda soffor, fåtöljer och tillbehör i klassisk howardstil. Välj mellan olika modeller, storlekar och utföranden och skänk vardagsrummet lite extra stil och elegans. Med god sittkomfort och oändliga valmöjligheter hittar du garanterat din egen Oxford Classic-favorit!",7999.0,0.0,https://www.chilli.se/möbler/stolar/fåtölj/howard-fatoljer/fåtölj-med-fotpall-oxford-classic-mörkgrå-p223248-v1721480,https://www.chilli.se/assets/blobs/möbler-stolar-fåtölj-howard-fatoljer-fåtölj-med-fotpall-oxford-classic-mörkgrå/2221480(1)-1388f16d95.jpeg
Loveseat Webber Sammet,"En lyxig blandning mellan fåtölj och soffa blir en exklusiv Loveseat. Med mjukt, exklusivt sammetstyg och en härlig bredd utstrålar denna Loveseat elegans och lyx. Vackert snidade ben med mässingshjul och sammetsklädda knappar på ryggdynan blir pricken över i:et. Lika bra som den står sig ensam i en läshörna gör den sig till en soffgrupp eller varför inte i sovrummet.",8999.0,0.0,https://www.chilli.se/möbler/stolar/fåtölj/loveseat-webber-sammet-ambermässing-p600042-v506502,https://www.chilli.se/assets/blobs/möbler-stolar-fåtölj-loveseat-webber-sammet-ambermässing/1006502(6)-642ebf06a6.jpeg
Matstol Sawako,"När du beställer från Chilli levereras dina produkter med hemleverans. Undantag är mindre varor som levereras till närmsta utlämningsställe. En fraktkostnad kan tillkomma baserat på produkternas vikt, storlek och om de levereras hem eller till utlämningsställe.",1099.0,100.0,https://www.chilli.se/möbler/stolar/matstolar-köksstolar/matstol-sawako-beige-p3055290,https://www.chilli.se/assets/blobs/möbler-stolar-matstol-sawako-beige/SYN0004190(1)-24cac0cd2d.jpeg
Saranda Fåtölj Recliner Fällbar,Ge din vardagsrum en extra touch av lyx med Pheobe fåtölj med reclinerfunktion i brunt microfibertyg. Den mjuka och tåliga microfiberkvaliteten ger en varm och välkomnande känsla. Med den praktiska reclinerfunktionen kan du luta dig tillbaka och slappna av i den bekväma fåtöljen efter en lång dag. Fåtöljen är den för en kväll med vänner eller familj.,6499.0,0.0,https://www.chilli.se/möbler/stolar/fåtölj/biofåtölj-reclinerfåtölj/saranda-fåtölj-recliner-fällbar-brun-p1654545-v341105,https://www.chilli.se/assets/blobs/möbler-stolar-fåtölj-biofåtölj-reclinerfåtölj-saranda-fåtölj-recliner-fällbar-brun/841105(9)-8b89446faf.jpeg
Fåtölj Argentia,"När du beställer från Chilli levereras dina produkter med hemleverans. Undantag är mindre varor som levereras till närmsta utlämningsställe. En fraktkostnad kan tillkomma baserat på produkternas vikt, storlek och om de levereras hem eller till utlämningsställe.",4999.0,800.0,https://www.chilli.se/möbler/stolar/fåtölj/fåtölj-argentia-beige-p1720608,https://www.chilli.se/assets/blobs/möbler-stolar-fåtölj-fåtölj-argentia-beige/2220608(1)-3aeb10ecec.jpeg
Fåtölj Walton Lyx Mörkgrön Sammet,"Walton Lyx är en fåtölj med pondus och elegans. Med sin klassiska formgivning är den ett självklart val som mer än gärna kombineras med en vacker pläd framför en brasa. I möbelserien Walton Lyx hittar du soffor, fåtöljer och fotpallar i olika färgval och storlekar. Serien kännetecknas av en klassisk och gedigen formgivning som för tankarna till landsbygden och 1700-talets England. Tidlösa möbler i omtyckt modell och av god kvalitet som är ett stilsäkert val och en god investering i soffväg.",5499.0,0.0,https://www.chilli.se/möbler/stolar/fåtölj/chesterfield-fåtölj/fåtölj-walton-lyx-mörkgrön-sammet-grön-p224072-v242985,https://www.chilli.se/assets/blobs/möbler-stolar-fåtölj-chesterfield-fåtölj-fåtölj-walton-lyx-mörkgrön-sammet-grön/660270(1)-06d9785981.jpeg
Clubfåtölj Polo Svart,"I den här stilrena och prisvärda clubfåtöljen sitter du bekvämt. Formen är klassisk men samtidigt modern, vilket gör fåtöljen lätt att matcha med andra möbler. Den passar bra in i de flesta hem. Fåtöljen är klädd i svart konstläder vilket ger den ett lyxigt utseende som kan lyfta vilken inredning som helst. Ställ den i läshörnan och låt den tala för sig själv, eller matcha två stycken till soffan. Clubfåtöljen passar lika bra i vardagsrummet som i sovrummet, gillestugan eller någon annanstans där du vill ha en fåtölj som både är dekorativ och komfortabel. Fåtöljen finns även i det populära cortinatyget.",1999.0,0.0,https://www.chilli.se/möbler/stolar/fåtölj/clubfåtölj/clubfåtölj-polo-svart-konstläder-p191533-v29040,https://www.chilli.se/assets/blobs/möbler-stolar-fåtölj-clubfåtölj-clubfåtölj/120693(1)-85ba70edfb.jpeg
Liftup Senior fåtölj Åke Grå,"När du beställer från Chilli levereras dina produkter med hemleverans. Undantag är mindre varor som levereras till närmsta utlämningsställe. En fraktkostnad kan tillkomma baserat på produkternas vikt, storlek och om de levereras hem eller till utlämningsställe.",8499.0,0.0,https://www.chilli.se/möbler/stolar/fåtölj/liftup-senior-fåtölj-åke-grå-grå-p259607,https://www.chilli.se/assets/blobs/möbler-stolar-fåtölj-liftup-senior-fåtölj-åke-grå-grå/676308-bf60e99c48.jpeg
Lincoln Loungefåtölj,"När du beställer från Chilli levereras dina produkter med hemleverans. Undantag är mindre varor som levereras till närmsta utlämningsställe. En fraktkostnad kan tillkomma baserat på produkternas vikt, storlek och om de levereras hem eller till utlämningsställe.",6499.0,0.0,https://www.chilli.se/möbler/stolar/fåtölj/lincoln-loungefåtölj-beige-p1706875,https://www.chilli.se/assets/blobs/möbler-stolar-fåtölj-lincoln-loungefåtölj-beige/2206875(19)-ad22598618.jpeg
Fåtölj Hermione Konstläder,"När du beställer från Chilli levereras dina produkter med hemleverans. Undantag är mindre varor som levereras till närmsta utlämningsställe. En fraktkostnad kan tillkomma baserat på produkternas vikt, storlek och om de levereras hem eller till utlämningsställe.",1099.0,300.0,https://www.chilli.se/möbler/stolar/matstolar-köksstolar/fåtölj-hermione-konstläder-svart-p1651269-v92251,https://www.chilli.se/assets/blobs/möbler-stolar-matstolar-köksstolar-fåtölj-hermione-konstläder-svart/520114(1)-0c9351d0ca.jpeg
Matstol Tarnia,"När du beställer från Chilli levereras dina produkter med hemleverans. Undantag är mindre varor som levereras till närmsta utlämningsställe. En fraktkostnad kan tillkomma baserat på produkternas vikt, storlek och om de levereras hem eller till utlämningsställe.",899.0,100.0,https://www.chilli.se/möbler/stolar/matstolar-köksstolar/matstol-tarnia-brun-p1651417-v651352,https://www.chilli.se/assets/blobs/möbler-stolar-matstolar-köksstolar-matstol-tarnia-brun/1151352(9)-c240b77d87.jpeg
Öronlappsfåtölj Cesaro Vintagetyg,"Fåtölj Cesaro är en klassisk öronlappsfåtölj med välarbetade detaljer. Snyggt vintagetyg, pärlspik längs med armstöden och svarvade ben är bara några av fåtöljens nämnvärda detaljer. Cesaro är en tidlös möbel som tillför elegans till rummet. En perfekt läs- och filmfåtölj som kommer bli din nya favoritplats i hemmet.",5499.0,0.0,https://www.chilli.se/möbler/stolar/fåtölj/skinnfåtölj-läderfåtölj/öronlappsfåtölj-cesaro-vintagetyg-brun-p224834-v93055,https://www.chilli.se/assets/blobs/möbler-stolar-fåtölj-skinnfåtölj-läderfåtölj-öronlappsfåtölj-cesaro-vintagetyg-brun/520914(1)-095e51c170.jpeg
Fåtölj Menard Compact,"När du beställer från Chilli levereras dina produkter med hemleverans. Undantag är mindre varor som levereras till närmsta utlämningsställe. En fraktkostnad kan tillkomma baserat på produkternas vikt, storlek och om de levereras hem eller till utlämningsställe.",4499.0,0.0,https://www.chilli.se/möbler/stolar/fåtölj/fåtölj-menard-compact-beige-p1784610-v1782448,https://www.chilli.se/assets/blobs/möbler-stolar-fåtölj-fåtölj-menard-compact-beige/2282448(1)-f33791830a.jpeg
Matstol Lossmen,Lossmen är en lyxig stol med flera väl genomtänkta detaljer. Den djuphäftade klädseln i tyg finns i flera olika färger och ger stolen sitt klassiska utseende tillsammans med de dekorspikade sidorna. Stolen är generöst stoppad i både rygg- och sittdel vilket ger en mycket god sittkomfort. Investera i en såväl stilsäker som skön matstol för långa middagar med nära och kära.,1099.0,200.0,https://www.chilli.se/möbler/stolar/matstolar-köksstolar/matstol-lossmen-grå-p1651108-v784302,https://www.chilli.se/assets/blobs/möbler-stolar-matstolar-köksstolar-matstol-lossmen-grå/1284302(2)-37fdf81106.jpeg
Barstol Heceta,"När du beställer från Chilli levereras dina produkter med hemleverans. Undantag är mindre varor som levereras till närmsta utlämningsställe. En fraktkostnad kan tillkomma baserat på produkternas vikt, storlek och om de levereras hem eller till utlämningsställe.",1099.0,100.0,https://www.chilli.se/möbler/stolar/barstolar/barstol-heceta-brun-p3055604,https://www.chilli.se/assets/blobs/möbler-stolar-barstol-heceta-brun/SYN0004504(1)-b9c107f7b1.jpeg
Matstol Viberud,"När du beställer från Chilli levereras dina produkter med hemleverans. Undantag är mindre varor som levereras till närmsta utlämningsställe. En fraktkostnad kan tillkomma baserat på produkternas vikt, storlek och om de levereras hem eller till utlämningsställe.",699.0,0.0,https://www.chilli.se/möbler/stolar/matstolar-köksstolar/matstol-viberud-svartsvart-p1651249-v780076,https://www.chilli.se/assets/blobs/möbler-stolar-matstolar-köksstolar-matstol-viberud-svartsvart/1280076(9)-93982e3ef8.jpeg
Fåtölj Thayne,"När du beställer från Chilli levereras dina produkter med hemleverans. Undantag är mindre varor som levereras till närmsta utlämningsställe. En fraktkostnad kan tillkomma baserat på produkternas vikt, storlek och om de levereras hem eller till utlämningsställe.",10999.0,0.0,https://www.chilli.se/möbler/stolar/fåtölj/skinnfåtölj-läderfåtölj/fåtölj-thayne-brun-p1336584,https://www.chilli.se/assets/blobs/möbler-stolar-fåtölj-skinnfåtölj-läderfåtölj-fåtölj-thayne-brun/1836584(6)-69c6a2d112.jpeg
Bobby Karmstol med Armstöd,"När du beställer från Chilli levereras dina produkter med hemleverans. Undantag är mindre varor som levereras till närmsta utlämningsställe. En fraktkostnad kan tillkomma baserat på produkternas vikt, storlek och om de levereras hem eller till utlämningsställe.",899.0,0.0,https://www.chilli.se/möbler/stolar/matstolar-köksstolar/bobby-karmstol-med-armstöd-whitewash-p3054925,https://www.chilli.se/assets/blobs/möbler-stolar-matstolar-köksstolar-bobby-karmstol-med-armstöd-whitewash/SYN0003825(1)-1c5de9eaac.jpeg
Fåtölj med Fotpall New Castle,"New Castle är serien som blandar elegans och tidlös design med en oanad komfort. New Castle har ett utbud av vackra soffor, fåtöljer och fotpallar i vackra tyger som skänker en proper, mogen och medveten lyx till ditt hem. Inspirationen från den ursprungliga howardsoffan sträcker sig ett par hundra år tillbaka i tiden och skvallrar om att New Castle är en serie för inredaren som söker långsiktig stil och hållbara möbler.",8499.0,0.0,https://www.chilli.se/möbler/stolar/fåtölj/howard-fatoljer/fåtölj-med-fotpall-new-castle-amber-p651452-v410387,https://www.chilli.se/assets/blobs/möbler-stolar-fåtölj-howard-fatoljer-fåtölj-med-fotpall-new-castle-amber/910387-b9736efcad.jpeg
Matstol Skagana Massiv Valnöt,"När du beställer från Chilli levereras dina produkter med hemleverans. Undantag är mindre varor som levereras till närmsta utlämningsställe. En fraktkostnad kan tillkomma baserat på produkternas vikt, storlek och om de levereras hem eller till utlämningsställe.",1599.0,400.0,https://www.chilli.se/möbler/stolar/matstolar-köksstolar/matstol-skagana-massiv-valnöt-brun-p1598411,https://www.chilli.se/assets/blobs/möbler-stolar-matstolar-köksstolar-matstol-skagana-massiv-valnöt-brun/2098411(1)-42f8bc5147.jpeg
Köksstol Gerardo Sammet,"När du beställer från Chilli levereras dina produkter med hemleverans. Undantag är mindre varor som levereras till närmsta utlämningsställe. En fraktkostnad kan tillkomma baserat på produkternas vikt, storlek och om de levereras hem eller till utlämningsställe.",599.0,0.0,https://www.chilli.se/möbler/stolar/matstolar-köksstolar/köksstol-gerardo-sammet-beige-p1651450-v623422,https://www.chilli.se/assets/blobs/möbler-stolar-matstolar-köksstolar-köksstol-gerardo-sammet-beige/1123422(10)-70147d0d30.jpeg
Fåtölj Thunia Sammet,"Serien Thunia andas trend, lyx och erbjuder en bredd av vackra sittmöbler för hela hemmet. Serien har ett stort fokus på slitstarka, vackra och hållbara material som gör intryck. I serien hittar du eleganta dagbäddar, stora och små fotpallar, soffor och mycket mer. Genom att kombinera flera delar ur Thunia serien får du ett effektfullt intryck och en röd tråd i din inredning.",2599.0,2600.0,https://www.chilli.se/möbler/stolar/fåtölj/sammetsfåtölj/fåtölj-thunia-sammet-ljusrosa-p837007-v280399,https://www.chilli.se/assets/blobs/möbler-stolar-fåtölj-sammetsfåtölj-fåtölj-thunia-sammet-ljusrosa/696393(1)-d855acce69.jpeg
Manchesterfåtölj Haga,"Haga är fåtöljen som charmar med sin moderna formgivning, slitstarka manchesterklädsel och underbara komfort. Fåtöljens sittplymå är stoppad med polyeter vilket tillsammans med det generösa sittdjupet gör att du bjuds på en skön komfort och gärna dröjer dig kvar extra länge. Den matchande kuvertkudden som ingår ger dig ett bra svankstöd och bidrar ytterligare till komforten. De breda armstöden fungerar utmärkt som avställningsyta samtidigt som de ger designen en tyngd. Fåtöljens stabila träram bärs upp av de moderna och snyggt vinklade benen.",6999.0,0.0,https://www.chilli.se/möbler/stolar/fåtölj/manchesterfåtölj-haga-beige-p2959003-v1784431,https://www.chilli.se/assets/blobs/möbler-stolar-fåtölj-manchesterfåtölj-haga-beige/2284431(1)-0d318966a2.jpeg
Fotpall Cesaro 55x45 cm Vintage-tyg,"Fotpallen i Cesaro-serien är ett perfekt komplement till fåtöljen i samma serie. Tillsammans skapar de en perfekt plats för dig att koppla av med en bok, en kopp te eller ett par hörlurar. Denna fotpall är klädd i ett vintagetyg med genuin läder-look. Fotpallen har även snygga detaljer i form av pärlspik och svarvade ben med hjul i mässing som ger den en mycket smakfull och autentisk karaktär. Pallen finns även i fler färger och tygalternativ.",1999.0,0.0,https://www.chilli.se/möbler/stolar/pall/fotpall/fotpall-cesaro-55x45-cm-vintage-tyg-brun-p224836-v105284,https://www.chilli.se/assets/blobs/möbler-stolar-pall-fotpall-fotpall-cesaro-55x45-cm-vintage-tyg-brun/532538(1)-226e180dcf.jpeg
Fåtölj Oxford Lyx,"Serien Oxford Lyx är en serie eleganta och tidlösa soffor och fåtöljer. Du hittar också tillbehör som fotpallar och nackstöd för att få maximal komfort och sätta pricken över i:et för din soffgrupp. Oxford Lyx kännetecknas av de stilfulla, vackert svarvade benen i valnötsbets med mässingshjul och de flotta sömmarna på armstöden. Serien är generös i sitt materialval - hållbart material, slitstarka tyger och lyxig stoppning gör att du får en sittkomfort utöver det vanliga. Oxford Lyx finns i flera olika varianter och färger och ger ditt vardagsrum en smakfullt designad ton. Med enorma valmöjligheter kan du skapa ditt vardagsrum precis så som du vill ha det.",6999.0,0.0,https://www.chilli.se/möbler/stolar/fåtölj/howard-fatoljer/fåtölj-oxford-lyx-grå-p24220-v32075,https://www.chilli.se/assets/blobs/möbler-stolar-fåtölj-howard-fatoljer-fåtölj-oxford-lyx-grå/123077(16)-f2c37d4be3.jpeg
Barstol Olze,"När du beställer från Chilli levereras dina produkter med hemleverans. Undantag är mindre varor som levereras till närmsta utlämningsställe. En fraktkostnad kan tillkomma baserat på produkternas vikt, storlek och om de levereras hem eller till utlämningsställe.",1299.0,200.0,https://www.chilli.se/möbler/stolar/barstolar/barstol-olze-grå-p3055639,https://www.chilli.se/assets/blobs/möbler-stolar-barstolar-barstol-olze-grå/SYN0004539(1)-ab737b3102.jpeg
Fåtölj Chester Deluxe,"När du beställer från Chilli levereras dina produkter med hemleverans. Undantag är mindre varor som levereras till närmsta utlämningsställe. En fraktkostnad kan tillkomma baserat på produkternas vikt, storlek och om de levereras hem eller till utlämningsställe.",5499.0,0.0,https://www.chilli.se/möbler/stolar/fåtölj/fåtölj-chester-deluxe-mörkbrun-p3016595,https://www.chilli.se/assets/blobs/möbler-stolar-fåtölj-chester-deluxe-mörkbrun/SYN0000068(1)-352fbe67d7.jpeg
Sittbänk Belvoir Mörkblå,"När du beställer från Chilli levereras dina produkter med hemleverans. Undantag är mindre varor som levereras till närmsta utlämningsställe. En fraktkostnad kan tillkomma baserat på produkternas vikt, storlek och om de levereras hem eller till utlämningsställe.",1199.0,300.0,https://www.chilli.se/möbler/stolar/sittbänkar/sittbänk-belvoir-mörkblå-80-cm-p225396-v158955,https://www.chilli.se/assets/blobs/möbler-stolar-sittbänkar-sittbänk-belvoir-mörkblå-80-cm/581965(1)-708b56a3ed.jpeg
Oxford Classic Fåtölj,"Serien Oxford Classic erbjuder prisvärda soffor, fåtöljer och tillbehör i klassisk howardstil. Välj mellan olika modeller, storlekar och utföranden och skänk vardagsrummet lite extra stil och elegans. Med god sittkomfort och oändliga valmöjligheter hittar du garanterat din egen Oxford Classic-favorit!",5999.0,0.0,https://www.chilli.se/möbler/stolar/fåtölj/howard-fatoljer/oxford-classic-fåtölj-beige-p112097-v1720961,https://www.chilli.se/assets/blobs/möbler-stolar-fåtölj-howard-fatoljer-oxford-classic-fåtölj-beige/2220961(1)-dd7ef3d398.jpeg
Reclinerfåtölj Samrin,"När du beställer från Chilli levereras dina produkter med hemleverans. Undantag är mindre varor som levereras till närmsta utlämningsställe. En fraktkostnad kan tillkomma baserat på produkternas vikt, storlek och om de levereras hem eller till utlämningsställe.",6499.0,500.0,https://www.chilli.se/möbler/stolar/fåtölj/biofåtölj-reclinerfåtölj/reclinerfåtölj-samrin-grå-p3055350,https://www.chilli.se/assets/blobs/möbler-stolar-fåtölj-biofåtölj-reclinerfåtölj-reclinerfåtölj-samrin-grå/SYN0004250(1)-8ea83c2adc.jpeg
Fåtölj Kintore,"När du beställer från Chilli levereras dina produkter med hemleverans. Undantag är mindre varor som levereras till närmsta utl ämningsställe. En fraktkostnad kan tillkomma baserat på produkternas vikt, storlek och om de levereras hem eller till utlämningsställe.",3399.0,0.0,https://www.chilli.se/möbler/stolar/fåtölj/fåtölj-utan-armstöd/fåtölj-kintore-phfnp003432-v3023716,https://www.chilli.se/assets/blobs/möbler-stolar-fåtölj-fåtölj-utan-armstöd-fåtölj-kintore/HFN0003432(1)-1b669db3fa.jpeg
Fåtölj Colt Lyx,GarantiFör att du ska kunna njuta obehindrat av din nya soffa omfattas alla våra soffor av vår soffgaranti. Genom tuffa kvalitetskontroller och tester kan vi säkerställa att alla soffor från Chilli håller samma höga kvalitet. Vi har därför kunnat utöka konsumentköplagens reklamationsrätt med förlängda garantier på hela vårt soffsortiment. Garantitiden för den här soffan ser du under köpknappen.,6999.0,0.0,https://www.chilli.se/möbler/stolar/fåtölj/fåtölj-colt-lyx-p1522738,https://www.chilli.se/assets/blobs/möbler-stolar-fåtölj-fåtölj-colt-lyx/2022738(1)-b04ce9d5cd.jpeg
Laconia Fåtölj,"När du beställer från Chilli levereras dina produkter med hemleverans. Undantag är mindre varor som levereras till närmsta utlämningsställe. En fraktkostnad kan tillkomma baserat på produkternas vikt, storlek och om de levereras hem eller till utlämningsställe.",3399.0,0.0,https://www.chilli.se/möbler/stolar/fåtölj/laconia-fåtölj-vit-p1706071,https://www.chilli.se/assets/blobs/möbler-stolar-fåtölj-laconia-fåtölj-vit/2206071(33)-adb58a5299.jpeg
Fotpall Haga Manchester,"Haga är fotpallen som charmar med sin moderna formgivning, slitstarka manchesterklädsel och underbara komfort. Fotpallens sittplymå är stoppade med polyeter. Den mjuka stoppningen lockar lika mycket till att vila fötterna på som att sitta på när en extra sittplats behövs. Fotpallens träram bärs upp av de moderna och snyggt vinklade benen.",2999.0,0.0,https://www.chilli.se/möbler/stolar/pall/fotpall/fotpall-haga-manchester-beige-p595981-v698568,https://www.chilli.se/assets/blobs/möbler-stolar-pall-fotpall-fotpall-haga-manchester-beige/1198568(2)-99d8729bc0.jpeg
Oxford Classic Fotpall,"Serien Oxford Classic erbjuder prisvärda soffor, fåtöljer och tillbehör i klassisk howardstil. Välj mellan olika modeller, storlekar och utföranden och skänk vardagsrummet lite extra stil och elegans. Med god sittkomfort och oändliga valmöjligheter hittar du garanterat din egen Oxford Classic-favorit!",2499.0,0.0,https://www.chilli.se/möbler/stolar/pall/fotpall/oxford-classic-fotpall-beige-p191900-v1720987,https://www.chilli.se/assets/blobs/möbler-stolar-pall-fotpall-oxford-classic-fotpall-beige/2220987(1)-978cba0617.jpeg
Kontorsstol Kintore,"När du beställer från Chilli levereras dina produkter med hemleverans. Undantag är mindre varor som levereras till närmsta utlämningsställe. En fraktkostnad kan tillkomma baserat på produkternas vikt, storlek och om de levereras hem eller till utlämningsställe.",1199.0,0.0,https://www.chilli.se/möbler/stolar/kontorsstol-skrivbordsstolar/kontorsstol-kintore-svart-phfnp000089-v3020373,https://www.chilli.se/assets/blobs/möbler-stolar-kontorsstol-skrivbordsstolar-kontorsstol-kintore-svart/HFN0000089(1)-7515243e2f.jpeg
Fåtölj Witolin,"När du beställer från Chilli levereras dina produkter med hemleverans. Undantag är mindre varor som levereras till närmsta utlämningsställe. En fraktkostnad kan tillkomma baserat på produkternas vikt, storlek och om de levereras hem eller till utlämningsställe.",5999.0,0.0,https://www.chilli.se/möbler/stolar/fåtölj/sammetsfåtölj/fåtölj-witolin-sammetgrön-p1201946-v1185785,https://www.chilli.se/assets/blobs/möbler-stolar-fåtölj-sammetsfåtölj-fåtölj-witolin-sammetgrön/1685785(9)-d0b8770a1c.jpeg
Öronlappsfåtölj Costeira,"När du beställer från Chilli levereras dina produkter med hemleverans. Undantag är mindre varor som levereras till närmsta utlämningsställe. En fraktkostnad kan tillkomma baserat på produkternas vikt, storlek och om de levereras hem eller till utlämningsställe.",5799.0,0.0,https://www.chilli.se/möbler/stolar/fåtölj/öronlappsfåtölj/öronlappsfåtölj-costeira-grön-p1182468-v966413,https://www.chilli.se/assets/blobs/möbler-stolar-fåtölj-öronlappsfåtölj-öronlappsfåtölj-costeira-grön/1466413(2)-a5b2c9b9ed.jpeg
Matstol Emmie,"När du beställer från Chilli levereras dina produkter med hemleverans. Undantag är mindre varor som levereras till närmsta utlämningsställe. En fraktkostnad kan tillkomma baserat på produkternas vikt, storlek och om de levereras hem eller till utlämningsställe.",1199.0,200.0,https://www.chilli.se/möbler/stolar/matstolar-köksstolar/matstol-emmie-beigeträ-p655206-v92245,https://www.chilli.se/assets/blobs/möbler-stolar-matstolar-köksstolar-matstol-emmie-beigeträ/520108(7)-697e03441e.jpeg
Fotpall Havanna,"Serien Havanna ger dig plats att vara den du är. Med rymliga soffor, generös design och fantastisk komfort är Havanna rätt serie för dig som söker en modernare stil med en ännu modernare komfort. Alla produkter i Havanna-serien har mjuk och skön utformning med vackra tyger – välj mellan sobert svart eller en jordnära ton i brunt. Serien Havanna kännetecknas av sin trendsäkra uppsyn och smälter väl in i våra stilmedvetna, skandinaviska hem.",3499.0,0.0,https://www.chilli.se/möbler/stolar/pall/fotpall/fotpall-havanna-brunbeige-p654044-v417827,https://www.chilli.se/assets/blobs/möbler-stolar-pall-fotpall-fotpall-havanna-brunbeige/917827(1)-38a53db4e3.jpeg
Stol Gloucester 43xd42xh94 cm Svart Trä: Ek,"När du beställer från Chilli levereras dina produkter med hemleverans. Undantag är mindre varor som levereras till närmsta utlämningsställe. En fraktkostnad kan tillkomma baserat på produkternas vikt, storlek och om de levereras hem eller till utlämningsställe.",1299.0,0.0,https://www.chilli.se/möbler/stolar/matstolar-köksstolar/stol-gloucester-43xd42xh94-cm-svart-trä-ek-p735232,https://www.chilli.se/assets/blobs/möbler-stolar-matstolar-köksstolar-stol-gloucester-43xd42xh94-cm-svart-trä-ek/1235232(3)-530d4a5756.jpeg
Schäslongfåtölj Mariya,"När du beställer från Chilli levereras dina produkter med hemleverans. Undantag är mindre varor som levereras till närmsta utlämningsställe. En fraktkostnad kan tillkomma baserat på produkternas vikt, storlek och om de levereras hem eller till utlämningsställe.",8999.0,0.0,https://www.chilli.se/möbler/stolar/fåtölj/schäslongfåtölj-divanfåtölj/schäslongfåtölj-mariya-ljusgrå-p1773438-v1767072,https://www.chilli.se/assets/blobs/möbler-stolar-fåtölj-schäslongfåtölj-divanfåtölj-schäslongfåtölj-mariya-ljusgrå/2267072(1)-a394fd915d.jpeg
Fåtölj Rathkeale,"När du beställer från Chilli levereras dina produkter med hemleverans. Undantag är mindre varor som levereras till närmsta utlämningsställe. En fraktkostnad kan tillkomma baserat på produkternas vikt, storlek och om de levereras hem eller till utlämningsställe.",11999.0,2000.0,https://www.chilli.se/möbler/stolar/fåtölj/fåtölj-rathkeale-phfnp002498-v3022782,https://www.chilli.se/assets/blobs/möbler-stolar-fåtölj-fåtölj-rathkeale/HFN0002498(1)-18b5bae813.jpeg
Sittpuff Menard Compact Rund 60 cm,"När du beställer från Chilli levereras dina produkter med hemleverans. Undantag är mindre varor som levereras till närmsta utlämningsställe. En fraktkostnad kan tillkomma baserat på produkternas vikt, storlek och om de levereras hem eller till utlämningsställe.",1699.0,0.0,https://www.chilli.se/möbler/stolar/pall/sittpuff/sittpuff-menard-compact-rund-60-cm-beige-p1784605-v1782486,https://www.chilli.se/assets/blobs/möbler-stolar-pall-sittpuff-sittpuff-menard-compact-rund-60-cm-beige/2282486(1)-a1057afa12.jpeg
Matstol Hembrug - Rotting,"När du beställer från Chilli levereras dina produkter med hemleverans. Undantag är mindre varor som levereras till närmsta utlämningsställe. En fraktkostnad kan tillkomma baserat på produkternas vikt, storlek och om de levereras hem eller till utlämningsställe.",1099.0,200.0,https://www.chilli.se/möbler/stolar/matstolar-köksstolar/matstol-hembrug-rotting-svart-p1541992-v1398287,https://www.chilli.se/assets/blobs/möbler-stolar-matstolar-köksstolar-matstol-hembrug-rotting-svart/1898287(1)-d3ada64446.jpeg
Fotpallsmodul Belgin 95 cm Med Hake,"När du beställer från Chilli levereras dina produkter med hemleverans. Undantag är mindre varor som levereras till närmsta utlämningsställe. En fraktkostnad kan tillkomma baserat på produkternas vikt, storlek och om de levereras hem eller till utlämningsställe.",5399.0,0.0,https://www.chilli.se/möbler/soffor/modulsoffa/övriga-moduler-till-modulsoffa/fotpallsmodul-belgin-95-cm-med-hake-cream-p1730136-v1729917,https://www.chilli.se/assets/blobs/möbler-soffor-modulsoffa-övriga-moduler-till-modulsoffa-fotpallsmodul-belgin-95-cm-med-hake-cream/2229917(1)-4785da1de9.jpeg
Karmstol Nilla,"När du beställer från Chilli levereras dina produkter med hemleverans. Undantag är mindre varor som levereras till närmsta utlämningsställe. En fraktkostnad kan tillkomma baserat på produkternas vikt, storlek och om de levereras hem eller till utlämningsställe.",1095.0,4.0,https://www.chilli.se/möbler/stolar/matstolar-köksstolar/karmstol-nilla-brun-p141428,https://www.chilli.se/assets/blobs/möbler-stolar-matstolar-köksstolar-karmstol-nilla-brun/565254(5)-70cddfeb6c.jpeg
Fotpall Menard Compact 68 cm,"När du beställer från Chilli levereras dina produkter med hemleverans. Undantag är mindre varor som levereras till närmsta utlämningsställe. En fraktkostnad kan tillkomma baserat på produkternas vikt, storlek och om de levereras hem eller till utlämningsställe.",1999.0,0.0,https://www.chilli.se/möbler/stolar/pall/fotpall/fotpall-menard-compact-68-cm-beige-p1784611-v1782478,https://www.chilli.se/assets/blobs/möbler-stolar-pall-fotpall-fotpall-menard-compact-68-cm-beige/2282478(1)-4fb3d2e336.jpeg
Fåtölj Cazar,"När du beställer från Chilli levereras dina produkter med hemleverans. Undantag är mindre varor som levereras till närmsta utlämningsställe. En fraktkostnad kan tillkomma baserat på produkternas vikt, storlek och om de levereras hem eller till utlämningsställe.",1999.0,200.0,https://www.chilli.se/möbler/stolar/fåtölj/skinnfåtölj-läderfåtölj/fåtölj-cazar-brun-p319658-v277972,https://www.chilli.se/assets/blobs/möbler-stolar-fåtölj-skinnfåtölj-läderfåtölj-fåtölj-cazar-brun/693986(1)-4e0f682535.jpeg
Fotpall Menard Tvättbar & avtagbar klädsel,"Menard är en klassisk och välkomnande fotpall i linneliknande kvalitet. Fotpallens klädsel går hela vägen ner till golvet och täcker fotpallens nätta metallben vilket ger en ombonad och omslutande känsla. Trots fotpallens kappa gör de höga benen det lättare att komma åt med dammsugaren. Menards sittplymå är stoppad med polyeter, kallskum och fiber vilket tillsammans med dess generösa storlek gör att du bjuds på en skön komfort för socialt umgänge och sena filmkvällar.",3499.0,0.0,https://www.chilli.se/möbler/stolar/pall/fotpall/fotpall-menard-tvättbar-avtagbar-klädsel-beige-p1728562-v1403835,https://www.chilli.se/assets/blobs/möbler-stolar-pall-fotpall-fotpall-menard-tvättbar-&-avtagbar-klädsel-beige/1903835(11)-9b4590effc.jpeg
Kontorsstol Kintore,"När du beställer från Chilli levereras dina produkter med hemleverans. Undantag är mindre varor som levereras till närmsta utlämningsställe. En fraktkostnad kan tillkomma baserat på produkternas vikt, storlek och om de levereras hem eller till utlämningsställe.",949.0,150.0,https://www.chilli.se/möbler/stolar/kontorsstol-skrivbordsstolar/kontorsstol-kintore-vit-phfnp000088-v3020372,https://www.chilli.se/assets/blobs/möbler-stolar-kontorsstol-skrivbordsstolar-kontorsstol-kintore-vit/HFN0000088(1)-f5533e8b34.jpeg
Matstol Nieuwe 4-Pack,"När du beställer från Chilli levereras dina produkter med hemleverans. Undantag är mindre varor som levereras till närmsta utlämningsställe. En fraktkostnad kan tillkomma baserat på produkternas vikt, storlek och om de levereras hem eller till utlämningsställe.",4799.0,1000.0,https://www.chilli.se/möbler/stolar/matstolar-köksstolar/matstol-nieuwe-4-pack-valnöt-p1665927,https://www.chilli.se/assets/blobs/möbler-stolar-matstolar-köksstolar-matstol-nieuwe-4/2165927(5)-0db623d0bb.jpeg
Fåtölj Nevada,Serien Nevada är en gedigen soffserie i modern design. Det raka formspråket gör serien lättmatchad och har blivit en favorit för den stora massan. Välj mellan soffor och fåtöljer i flera olika storlekar och utföranden i din stil. Komplettera gärna med nackkudde för extra stöd för huvudet eller en fotpall ur samma serie att slänga upp benen på.,4749.0,250.0,https://www.chilli.se/möbler/stolar/fåtölj/fåtölj-nevada-beige-p76913-v139289,https://www.chilli.se/assets/blobs/möbler-stolar-fåtölj-fåtölj-nevada-beige/562971(1)-78db81c237.jpeg
Snurrfåtölj Augusti med Fotpall Svart,August snurrfåtölj har ett justerbart ryggstöd som erbjuder en fantastisk komfort. Allt du behöver göra för att koppla av är att luta dig tilbaka och lägga upp fötterna på fotpallen. Perfekt ställe att ta en powernap när det behövs. Du sitter också lika bekvämt i uppfällt läge t.ex. när du tittar på TV eller läser en bok.,3999.0,0.0,https://www.chilli.se/möbler/stolar/fåtölj/biofåtölj-reclinerfåtölj/snurrfåtölj-augusti-med-fotpall-svart-svart-p60028,https://www.chilli.se/assets/blobs/möbler-stolar-fåtölj-biofåtölj-reclinerfåtölj-snurrfåtölj-augusti-med-fotpall-svart-svart/148038(17)-aafe6d43c3.jpeg
Kontorsstol Mackinsey,"När du beställer från Chilli levereras dina produkter med hemleverans. Undantag är mindre varor som levereras till närmsta utlämningsställe. En fraktkostnad kan tillkomma baserat på produkternas vikt, storlek och om de levereras hem eller till utlämningsställe.",5199.0,0.0,https://www.chilli.se/möbler/stolar/kontorsstol-skrivbordsstolar/kontorsstol-mackinsey-vit-p714576,https://www.chilli.se/assets/blobs/möbler-stolar-kontorsstol-skrivbordsstolar-kontorsstol-mackinsey-vit/1214576(12)-716bb91291.jpeg
Matstol Leo Konstläder,"Leo är en modern matstol som passar utmärkt i det stilsäkra hemmet. Stolen är inte bara snygg utan också praktisk, då klädseln i konstläder är lätt att hålla ren med en fuktig trasa. Ett effektfullt och snyggt komplement till den svarta sitsen är de vita träbenen. Stolen erbjuder hög sittkomfort med stoppad sits och hög rygg, vilket gör att du kan sitta länge i den utan problem. Kombinera stolen med ett matbord ur vårt stora sortiment!",519.0,130.0,https://www.chilli.se/möbler/stolar/matstolar-köksstolar/matstol-leo-konstläder-puvit-p653265-v92246,https://www.chilli.se/assets/blobs/möbler-stolar-matstolar-köksstolar-matstol-leo-konstläder/520109(1)-ab39f693da.jpeg
