Namn,Pris,Länk
4-sits Soffa med Schäslong Menard Höger,15999.0,Ej angivet,0.0,https://www.chilli.se/möbler/soffor/divansoffa-schäslongsoffa/4-sits-soffa-med-schäslong-menard-höger-beige-p1232838-v991875
Soffa Malley 4-sits med Schäslong Vänster,8999.0,Ej angivet,0.0,https://www.chilli.se/möbler/soffor/divansoffa-schäslongsoffa/4-sits-soffa-med-divan/soffa-malley-4-sits-med-schäslong-vänster-p645075-v990053
Soffgrupp Walton Lyx 3-sits+2-sits+Fåtölj Sammet,17999.0,Ej angivet,2000.0,https://www.chilli.se/möbler/soffor/soffgrupp/soffgrupp-walton-lyx-3-sits-2-sits-fåtölj-sammet-mörkgrå-p600918-v272307
Soffa Malley 4-sits med Schäslong Höger,8999.0,Ej angivet,0.0,https://www.chilli.se/möbler/soffor/divansoffa-schäslongsoffa/soffa-malley-4-sits-med-schäslong-höger-p645073-v990082
3-sits Soffa Elise,9999.0,Ej angivet,5000.0,https://www.chilli.se/möbler/soffor/3-sits-soffa/3-sits-soffa-elise-beige-teddy-p1797070
4-sits Soffa Menard,10999.0,Ej angivet,0.0,https://www.chilli.se/möbler/soffor/4-sits-soffa/4-sits-soffa-menard-p1232836-v1481479
U-modulsoffa Columbus med Divan Vänster Sammet,23499.0,Ej angivet,2500.0,https://www.chilli.se/möbler/soffor/modulsoffa/komplett-modulsoffa/u-modulsoffa-columbus-med-divan-vänster-sammet-mörkgrå-p646063-v281070
Soffgrupp Webber 3+2+1,21999.0,Ej angivet,6500.0,https://www.chilli.se/möbler/soffor/soffgrupp/howard-soffgrupp/soffgrupp-webber-3-2-1-midnattsblåmässing-p600048-v506461
Soffa m. Schäslong Menard Compact 4-sits,12999.0,Ej angivet,0.0,https://www.chilli.se/möbler/soffor/divansoffa-schäslongsoffa/4-sits-soffa-med-divan/soffa-m-schäslong-menard-compact-4-sits-beige-p1784604-v1782341
Elise 3-sits Bubblig Soffa med Divan Höger,15999.0,Ej angivet,9000.0,https://www.chilli.se/möbler/soffor/hörnsoffor/elise-3-sits-bubblig-soffa-med-divan-höger-beige-teddy-p3059999
3-sits Soffa med Schäslong Menard Vänster Tvättbar & avtagbar klädsel,15999.0,Ej angivet,0.0,https://www.chilli.se/möbler/soffor/divansoffa-schäslongsoffa/3-sits-soffa-med-schäslong-menard-vänster-tvättbar-avtagbar-klädsel-beige-p1654409-v1403837
Rossita Djup 3-sits L Soffa med Schäslong Vänster,15999.0,Ej angivet,0.0,https://www.chilli.se/möbler/soffor/divansoffa-schäslongsoffa/rossita-djup-3-sits-l-soffa-med-schäslong-vänster-ljus-beige-p3067488
U-soffa Nevada XL Divan Höger,9899.0,Ej angivet,1100.0,https://www.chilli.se/möbler/soffor/u-soffa/u-soffa-nevada-xl-divan-höger-antracit-p76931-v1791110
3-sits Soffa Menard,9999.0,Ej angivet,0.0,https://www.chilli.se/möbler/soffor/3-sits-soffa/3-sits-soffa-menard-p1232837-v1481476
Djup Soffa 3-sits m. Divan Narender,16999.0,Ej angivet,3000.0,https://www.chilli.se/möbler/soffor/divansoffa-schäslongsoffa/djup-soffa-3-sits-m-divan-narender-beige-p1597408
Soffa Malley 3-sits med Divan Vändbar,7999.0,Ej angivet,0.0,https://www.chilli.se/möbler/soffor/divansoffa-schäslongsoffa/soffa-malley-3-sits-med-divan-vändbar-p645074-v990063
Bubblig Divansoffa 3-sits 288 cm Belgin,24999.0,Ej angivet,0.0,https://www.chilli.se/möbler/soffor/divansoffa-schäslongsoffa/3-sits-soffa-med-divan/bubblig-divansoffa-3-sits-288-cm-belgin-ljusbeige-p1721536-v1720512
U-Soffa Haga Sammet,15999.0,Ej angivet,0.0,https://www.chilli.se/möbler/soffor/u-soffa/u-soffa-haga-sammet-grå-p1697380-v295849
Hörnsoffa Canunda 6-sits,22999.0,Ej angivet,0.0,https://www.chilli.se/möbler/soffor/hörnsoffor/hörnsoffa-canunda-6-sits-antracit-p1721546-v1720664
Soffa m. Divan och Schäslong Malley 5-sits Höger,9999.0,Ej angivet,0.0,https://www.chilli.se/möbler/soffor/u-soffa/soffa-m-divan-och-schäslong-malley-5-sits-höger-beige-p1797063-v1784619
U-Soffa Haga Compact Sammet,11499.0,Ej angivet,0.0,https://www.chilli.se/möbler/soffor/u-soffa/u-soffa-haga-compact-sammet-grå-p1697373-v1598402
Schäslongsoffa Colt Lyx Vänster,18999.0,Ej angivet,0.0,https://www.chilli.se/möbler/soffor/divansoffa-schäslongsoffa/4-sits-soffa-med-divan/schäslongsoffa-colt-lyx-vänster-beigeek-p884190-v665701
Hörnsoffa Ontario med Divan Vändbar,16999.0,Ej angivet,3000.0,https://www.chilli.se/möbler/soffor/hörnsoffor/hörnsoffa-ontario-med-divan-vändbar-mörkgrå-p70540-v1791067
U-modulsoffa Columbus med Divan Höger Sammet,23499.0,Ej angivet,2500.0,https://www.chilli.se/möbler/soffor/modulsoffa/komplett-modulsoffa/u-modulsoffa-columbus-med-divan-höger-sammet-blå-p646061-v281073
